{"order":["bailey number 1","l","1 of 1000000","d rackk","j b","firsttime","wedidit","bailee","left hand","derek sucs","right hand","jonbassoon","baily sucks","d raack","de guias","mace test","jon","bassoongod","zevvy","b z","gogan","gordon","ethan s","run","marshmekkogg","bibly","marshmekko","test","landon","said","mollyandwill","jody","goagt","holly","lars","eric","lili and e","connor","bad score","cole","mmmmmmmmmmmmmmmmmmmmmmm","fireninja"],"fireninja":0,"mmmmmmmmmmmmmmmmmmmmmmm":0,"cole":163,"bad score":195,"connor":365,"lili and e":405,"eric":430,"lars":435,"holly":448,"goagt":500,"jody":558,"mollyandwill":640,"said":648,"landon":800,"test":875,"marshmekko":905,"bibly":920,"marshmekkogg":923,"run":975,"ethan s":1050,"gordon":1245,"gogan":1250,"b z":1460,"zevvy":1925,"bassoongod":2050,"jon":2053,"mace test":2118,"de guias":2185,"d raack":2250,"baily sucks":2255,"jonbassoon":2420,"right hand":2433,"derek sucs":2440,"left hand":2445,"bailee":2565,"wedidit":4388,"firsttime":4620,"j b":8680,"d rackk":9740,"1 of 1000000":10000,"l":16320,"bailey number 1":19700}